Stock,Total_Test_Days,HAR_QLIKE_Global,LSHAR_QLIKE_Global,ResidLS_QLIKE_Global,WeeklyLS_QLIKE_Global,LSHAR_Active_Days,LSHAR_Active_Pct,HAR_on_LSHAR_Days,LSHAR_on_Active_Days,LSHAR_Improvement_Pct,ResidLS_Active_Days,ResidLS_Active_Pct,HAR_on_ResidLS_Days,ResidLS_on_Active_Days,ResidLS_Improvement_Pct,WeeklyLS_Active_Days,WeeklyLS_Active_Pct,HAR_on_WeeklyLS_Days,WeeklyLS_on_Active_Days,WeeklyLS_Improvement_Pct
Cleaned_BHARTIARTL_5minute.csv,803,-7.639687961269938,-7.638250732673335,-7.639687961269938,-7.6396680191448185,38,4.732254047322541,-7.778076341948683,-7.747705432394147,-0.3904681340132894,0,0.0,,,0.0,9,1.1207970112079702,-7.329131125335631,-7.327351844616661,-0.024276830207323404
Cleaned_CGPOWER_5minute.csv,803,-6.538621804983924,-6.538540995661774,-6.538117711000054,-6.538621804983924,21,2.6151930261519305,-6.615707565102507,-6.61261757054595,-0.04670693990248137,12,1.4943960149439601,-6.697174482940253,-6.663442193852874,-0.5036794124642416,0,0.0,,,0.0
Cleaned_CHOLAFIN_5minute.csv,803,-6.8357463260501,-6.835300502297505,-6.835664498734772,-6.836343941926493,54,6.724782067247821,-6.904590695540894,-6.8979611312199,-0.09601676063543053,8,0.9962640099626401,-7.1438679550951765,-7.135654538319223,-0.11497156481028979,111,13.823163138231632,-6.6804774651167165,-6.684800758348637,0.06471533291588295
Cleaned_TRENT_5minute.csv,804,-6.793627574419318,-6.799804306395473,-6.793563162655288,-6.793627574419318,48,5.970149253731343,-6.657350086835232,-6.760810347435833,1.554075709570858,25,3.109452736318408,-7.464052581807996,-7.461981099476788,-0.02775278320327732,0,0.0,,,0.0
Cleaned_BEL_5minute.csv,803,-6.931615790370548,-6.931084798015469,-6.930662107366601,-6.930359385044201,15,1.86799501867995,-7.73126503920819,-7.70283924846624,-0.36767321515680157,6,0.7471980074719801,-6.691868807010544,-6.564234231648757,-1.9073083923593126,52,6.47571606475716,-7.142708527006752,-7.123306729371011,-0.27163081851068305
Cleaned_AMBUJACEM_5minute.csv,803,-6.919020091595262,-6.911186409468548,-6.916650625377103,-6.919002568293165,126,15.69115815691158,-6.75944628416801,-6.7095221036303005,-0.7385838786032165,35,4.35865504358655,-6.687250082860393,-6.632887757912333,-0.8129249583082284,1,0.12453300124533001,-5.88820807811938,-5.874136866535585,-0.23897272985450418
Cleaned_MAZDOCK_5minute.csv,803,-6.1562893533464305,-6.144911760905337,-6.1562893533464305,-6.155911150893914,264,32.87671232876712,-5.9901304085662765,-5.955523564891282,-0.5777310561637331,0,0.0,,,0.0,222,27.646326276463263,-6.2182178110742745,-6.216849808509537,-0.021999913902996358
Cleaned_PIDILITIND_5minute.csv,803,-7.573979353650044,-7.574679882204444,-7.573917776762001,-7.574470709593787,8,0.9962640099626401,-7.515778259356271,-7.586093813004146,0.9355724879235269,1,0.12453300124533001,-8.272249547723884,-8.22280330662428,-0.5977363329568449,14,1.7434620174346203,-7.320718568368252,-7.348901341427164,0.38497277003223257
Cleaned_TCS_5minute.csv,803,-7.803518954277253,-7.80183198846172,-7.801758575607335,-7.803405673537443,20,2.4906600249066,-7.606634664197841,-7.5389029867042465,-0.8904289542442146,11,1.36986301369863,-7.595251889875004,-7.466744246970944,-1.691947084406368,4,0.49813200498132004,-8.067698973432151,-8.044957864915412,-0.28187849585895136
Cleaned_BAJFINANCE_5minute.csv,803,-7.220599432148776,-7.219483441701647,-7.220599432148776,-7.220278711220381,22,2.73972602739726,-7.13559079970357,-7.09485714838336,-0.5708518392324551,0,0.0,,,0.0,50,6.226650062266501,-7.1936670219674115,-7.188516243857375,-0.07160156418565637
Cleaned_BANKBARODA_5minute.csv,803,-6.9965098587854175,-6.995835213310972,-6.996615229203784,-6.996987605485051,17,2.1170610211706102,-7.500234770360693,-7.468367692950105,-0.4248810655437088,2,0.24906600249066002,-7.968456353828656,-8.01076257680284,0.5309211859315364,53,6.60024906600249,-7.00185874039393,-7.009097053597822,0.10337702419122212
Cleaned_INDIGO_5minute.csv,803,-7.0548226197445025,-7.054798405052605,-7.055600034543339,-7.05449820298687,14,1.7434620174346203,-7.512142737422136,-7.510753851879684,-0.01848854036721781,28,3.4869240348692405,-7.201249212851132,-7.223544358689194,0.309601086965231,10,1.2453300124533,-7.248143618074449,-7.222092952436533,-0.35941155433171007
Cleaned_BPCL_5minute.csv,803,-6.989384654284368,-6.988666847525836,-6.989384654284368,-6.988924420714567,38,4.732254047322541,-7.452835419745581,-7.4376670295586935,-0.20352509256678478,0,0.0,,,0.0,16,1.9925280199252802,-7.056058397560819,-7.032960425276439,-0.3273495056725252
Cleaned_MM_5minute.csv,803,-7.142431552399929,-7.139875800830412,-7.136362325437531,-7.142052068960013,92,11.45703611457036,-7.228645262895803,-7.206337996479265,-0.3085953951986008,49,6.102117061021171,-6.95684435181099,-6.857383346692532,-1.4296856460870346,66,8.21917808219178,-7.416135188765241,-7.411518140246279,-0.0622568009002468
Cleaned_DLF_5minute.csv,803,-7.046406237165497,-7.046406237165497,-7.04622487674278,-7.0455626586370315,0,0.0,,,0.0,58,7.22291407222914,-7.577242637054694,-7.574731733271218,-0.03313743407394056,27,3.3623910336239105,-7.750064557248648,-7.724975906939097,-0.3237218235309519
Cleaned_ICICIBANK_5minute.csv,803,-7.89718080334699,-7.894024661341477,-7.897107860857375,-7.89718080334699,58,7.22291407222914,-8.174339132991427,-8.130642891087504,-0.5345538176605171,5,0.62266500622665,-8.373793102601173,-8.362078538768877,-0.13989554899149637,0,0.0,,,0.0
Cleaned_SBIN_5minute.csv,803,-7.632768926664279,-7.63171973724534,-7.633330364243062,-7.632768926664279,42,5.230386052303861,-8.149795239219973,-8.129735736757876,-0.24613504846799764,4,0.49813200498132004,-8.398567053386156,-8.511275647326979,1.3419979054091267,0,0.0,,,0.0
Cleaned_MAXHEALTH_5minute.csv,803,-6.6463057536891545,-6.642347361108297,-6.645759653768535,-6.6463057536891545,86,10.709838107098381,-6.731934000550962,-6.694973660522726,-0.5490300413701398,20,2.4906600249066,-6.407492894499785,-6.385566982686908,-0.3421917460368697,0,0.0,,,0.0
Cleaned_ADANIENSOL_5minute.csv,804,-6.076163330739549,-6.07363303329687,-6.076163330739549,-6.075529100867763,134,16.666666666666664,-6.0899413754587,-6.0747595908026195,-0.2492927882238794,0,0.0,,,0.0,13,1.616915422885572,-7.612852140938549,-7.573627462714244,-0.515242874787652
Cleaned_SHRIRAMFIN_5minute.csv,803,-6.71482412129087,-6.714754301758242,-6.716702171628067,-6.715050993448675,13,1.61892901618929,-7.324012230891626,-7.319699532068457,-0.05888437494654116,68,8.468244084682441,-6.893101306964045,-6.915278871975337,0.321735660389704,52,6.47571606475716,-6.883000569214688,-6.886503998882341,0.05089974397681252
Cleaned_HDFCLIFE_5minute.csv,803,-7.307595167957222,-7.306914069729635,-7.307875812784848,-7.309225316619704,36,4.483188044831881,-7.651811643326891,-7.636619368972656,-0.19854480301386293,10,1.2453300124533,-7.560221995529828,-7.5827577751881705,0.2980835704516031,21,2.6151930261519305,-6.270497751200368,-6.332831531008591,0.9940802513849949
Cleaned_ADANIENT_5minute.csv,804,-6.570583293705556,-6.569060351597277,-6.570745091355295,-6.570583293705556,123,15.298507462686567,-6.2292114225673885,-6.2192565814693666,-0.15980900988457697,2,0.24875621890547264,-7.204495479541356,-7.26953813473612,0.9028065237804124,0,0.0,,,0.0
Cleaned_TORNTPHARM_5minute.csv,804,-7.332061501109304,-7.331651081201658,-7.332061501109304,-7.332061501109304,41,5.099502487562189,-7.523092753941861,-7.515044519655345,-0.10698039423080356,0,0.0,,,0.0,0,0.0,,,0.0
Cleaned_ITC_5minute.csv,802,-7.869368918609854,-7.868471594072694,-7.870459660846224,-7.869308324265337,45,5.610972568578553,-8.154043932291234,-8.138051614984509,-0.19612743614727898,26,3.2418952618453867,-7.848547717237908,-7.882192920067498,0.42868061763444365,20,2.493765586034913,-8.505032015273397,-8.502602182058288,-0.028569360006466635
Cleaned_MOTHERSON_5minute.csv,803,-6.706837937171257,-6.7033924776072,-6.706739406202404,-6.706856521872276,57,7.0983810709838115,-7.054529492600432,-7.00599082540855,-0.6880496742241228,3,0.37359900373599003,-6.788056433542905,-6.761682977546627,-0.3885273532193139,10,1.2453300124533,-6.968917309232301,-6.970409660724172,0.02141439517289077
Cleaned_HINDUNILVR_5minute.csv,802,-7.850237722202407,-7.850312121648308,-7.850237722202407,-7.848873958128523,2,0.24937655860349126,-7.334852052692857,-7.364686230499365,0.4067454611515341,0,0.0,,,0.0,106,13.216957605985039,-7.666541976846196,-7.656223686400402,-0.13458858605296534
Cleaned_HAL_5minute.csv,803,-6.9101854105571405,-6.910580547889162,-6.909909027186663,-6.909932516606465,27,3.3623910336239105,-7.264243769959795,-7.275995446908404,0.16177426475149265,2,0.24906600249066002,-6.711701153167563,-6.600733229920904,-1.6533501822304508,5,0.62266500622665,-7.905795149934415,-7.865180381455888,-0.5137341368991034
Cleaned_COALINDIA_5minute.csv,803,-7.3905250640178695,-7.388005078880871,-7.390411321121078,-7.385059319425874,45,5.603985056039851,-7.6871046895341,-7.642136954756126,-0.5849762243929937,6,0.7471980074719801,-8.051343685995425,-8.03612109497495,-0.18906895065171736,187,23.28767123287671,-6.995751886447304,-6.972281336140506,-0.3354971801139335
Cleaned_TECHM_5minute.csv,804,-7.127813986020456,-7.126360457078941,-7.136564883719842,-7.127813986020456,101,12.56218905472637,-7.380792074034815,-7.369221408005323,-0.15676726716359848,57,7.08955223880597,-6.866815621816971,-6.990249336734629,1.7975393794685446,0,0.0,,,0.0
Cleaned_WIPRO_5minute.csv,804,-7.306332779338567,-7.304185778869978,-7.306365220512296,-7.30207271691807,23,2.8606965174129355,-7.266160016517821,-7.191108347963599,-1.0328931427825772,3,0.3731343283582089,-7.016317298045929,-7.02501153260528,0.12391450087030967,123,15.298507462686567,-7.0990804571169335,-7.07123419544149,-0.3922516703910161
Cleaned_AXISBANK_5minute.csv,803,-7.533883952214745,-7.537878179511667,-7.533571524207715,-7.534010859773627,57,7.0983810709838115,-7.683619751063449,-7.739889304035877,0.7323313073195771,14,1.7434620174346203,-7.969375348265588,-7.951455370433818,-0.22486050723749942,3,0.37359900373599003,-6.095980249817512,-6.129949173078276,0.5572347984851247
Cleaned_NTPC_5minute.csv,803,-7.374968705886921,-7.37494162145575,-7.374968705886921,-7.370429666011303,1,0.12453300124533001,-8.53649737136455,-8.514748573133176,-0.254774262618889,0,0.0,,,0.0,108,13.449564134495642,-6.6957963992853555,-6.662047797247187,-0.504026706095346
Cleaned_HYUNDAI_5minute.csv,85,-6.887417003554068,-6.911066879423419,-6.883787245910002,-6.88735339867923,63,74.11764705882354,-6.950870600984363,-6.982779163665235,0.45905850522312075,5,5.88235294117647,-5.808464089239679,-5.746758209290521,-1.0623441756912904,10,11.76470588235294,-6.9195047566931915,-6.918964115257066,-0.007813296690092944
Cleaned_SIEMENS_5minute.csv,802,-6.838591501543806,-6.837909721273366,-6.838591501543806,-6.834247081169562,7,0.8728179551122194,-6.5858450715941945,-6.5077325320381,-1.186067068188512,0,0.0,,,0.0,108,13.466334164588527,-7.353457697275819,-7.3211963533856075,-0.43872345797492157
Cleaned_BAJAJ-AUTO_5minute.csv,803,-7.4225917298475546,-7.422509557017873,-7.422725534120622,-7.4234167156942545,52,6.47571606475716,-7.013268730022961,-7.011999791903081,-0.01809339081002095,18,2.2415940224159403,-7.694184062407994,-7.700153219700997,0.07758012083655344,27,3.3623910336239105,-6.825545724238753,-6.85008141442026,0.3594685490769787
Cleaned_HINDALCO_5minute.csv,803,-6.957506880379284,-6.957661944099641,-6.952239890158046,-6.957501900022373,20,2.4906600249066,-7.418376074083805,-7.4246018824561135,0.08392414067626328,16,1.9925280199252802,-5.8830724160541354,-5.618735344325813,-4.493180655179102,1,0.12453300124533001,-7.272370057350934,-7.268370830751116,-0.054992066799129644
Cleaned_PFC_5minute.csv,803,-6.681711679979669,-6.679979742344046,-6.681711679979669,-6.681466004393658,89,11.083437110834371,-6.813654565577955,-6.798028206910483,-0.229338874125128,0,0.0,,,0.0,5,0.62266500622665,-5.978291988070386,-5.938836488956999,-0.6599794588842484
Cleaned_ETERNAL_5minute.csv,803,-6.359925821589824,-6.359331598301787,-6.359903281487581,-6.359923690155635,8,0.9962640099626401,-7.178022677252114,-7.1183775147154345,-0.8309414057119302,1,0.12453300124533001,-6.363300227963306,-6.345200525861782,-0.2844389146057477,124,15.442092154420923,-6.465705667564309,-6.465691864809037,-0.00021347639347885645
Cleaned_NIFTY 50_5minute.csv,804,-8.897991670397717,-8.896891296998094,-8.89727772981862,-8.895901624549053,26,3.233830845771144,-9.32226003251042,-9.288233101229789,-0.36500731755995725,4,0.4975124378109453,-8.393236103890159,-8.249734047491955,-1.7097345365000733,88,10.945273631840797,-9.101541899924094,-9.08244648103404,-0.20980421888968778
Cleaned_NIFTY BANK_5minute.csv,804,-8.499409009324346,-8.495682024425514,-8.498580815092533,-8.499436201250171,77,9.577114427860696,-8.748964830767703,-8.71004930013576,-0.4448015437790751,14,1.7412935323383085,-8.391986169332792,-8.344424157734458,-0.5667551237410511,27,3.3582089552238807,-8.065359740219305,-8.066169455343893,0.010039417343650534
Cleaned_VBL_5minute.csv,804,-4.450474640128841,-4.448745772244079,-4.44770717665289,-4.450474640128841,31,3.8557213930348255,-7.310193685331345,-7.26535466019105,-0.613376704782389,19,2.36318407960199,-6.676065104768994,-6.5589577029445225,-1.754138103608615,0,0.0,,,0.0
Cleaned_SHREECEM_5minute.csv,803,-7.3536692622590305,-7.355525114786987,-7.3536692622590305,-7.3536692622590305,113,14.072229140722293,-7.565480290695969,-7.578668340076054,0.17431873289398428,0,0.0,,,0.0,0,0.0,,,0.0
Cleaned_RECLTD_5minute.csv,803,-6.749536640510971,-6.747760440240709,-6.7488258282409745,-6.749487815463762,59,7.347447073474471,-6.435484303821879,-6.411309917092726,-0.3756420742848596,65,8.094645080946451,-6.552955697762301,-6.544174432334496,-0.13400465122637129,8,0.9962640099626401,-6.647156556325129,-6.642255742211583,-0.07372797785065259
Cleaned_LT_5minute.csv,803,-7.502256345914404,-7.502256345914404,-7.498541287951937,-7.502275131414302,0,0.0,,,0.0,78,9.71357409713574,-7.945155286890813,-7.906909241456701,-0.48137568182231644,8,0.9962640099626401,-7.884425036296205,-7.886310630848552,0.023915435097248156
Cleaned_INFY_5minute.csv,803,-7.399749122723412,-7.398945249735444,-7.399749122723412,-7.408445291978552,11,1.36986301369863,-7.105368861135616,-7.046686133013958,-0.825892775850603,0,0.0,,,0.0,45,5.603985056039851,-6.641304958865745,-6.796483268018565,2.3365635234934707
Cleaned_INDIA VIX_5minute.csv,804,-4.768142748936828,-4.776113873579771,-4.765977273095459,-4.768174302664559,76,9.45273631840796,-4.053425623746498,-4.137751731811316,2.0803664823847794,138,17.16417910447761,-5.044654423905274,-5.03203817335121,-0.2500914729516272,1,0.12437810945273632,-4.4274593036609495,-4.452828500756459,0.5729967314331291
Cleaned_TVSMOTOR_5minute.csv,803,-7.130212832724643,-7.1299633067177695,-7.130212832724643,-7.130212832724643,7,0.8717310087173101,-7.221445624985704,-7.192821427340219,-0.3963776663559962,0,0.0,,,0.0,0,0.0,,,0.0
Cleaned_TATACONSUM_5minute.csv,803,-7.512285162690271,-7.5112281482188035,-7.512124385512708,-7.505633684793277,23,2.86425902864259,-7.84348445396179,-7.806580861762235,-0.4704999725079411,3,0.37359900373599003,-7.990710876818849,-7.9476761856243465,-0.538558982522397,161,20.049813200498132,-7.628005209620818,-7.594830447190462,-0.4349074432790678
Cleaned_GRASIM_5minute.csv,803,-7.484238409214421,-7.484238409214421,-7.481603557777912,-7.483460192549634,0,0.0,,,0.0,16,1.9925280199252802,-6.704877993606812,-6.572641387137008,-1.9722447835127392,119,14.819427148194272,-7.346588759218266,-7.341337431639912,-0.07147980852698357
Cleaned_NESTLEIND_5minute.csv,803,-7.749709224126211,-7.749709224126211,-7.749709224126211,-7.748951219825658,0,0.0,,,0.0,0,0.0,,,0.0,48,5.9775840597758405,-8.228404366093608,-8.21572358581559,-0.1541098336181783
Cleaned_DRREDDY_5minute.csv,803,-7.461728917465057,-7.461651774123141,-7.460933332955918,-7.462482322778162,5,0.62266500622665,-6.904598995954697,-6.892209775243058,-0.17943432658288336,17,2.1170610211706102,-7.939943600896957,-7.902363932612307,-0.473298932254438,164,20.423412204234122,-7.43546246581988,-7.4391513954931865,0.0496126460225488
Cleaned_LODHA_5minute.csv,803,-6.202301565333288,-6.202301565333288,-6.202301565333288,-6.202700077739778,0,0.0,,,0.0,0,0.0,,,0.0,4,0.49813200498132004,-3.824748601153092,-3.9047499667558814,2.091676445836744
Cleaned_DMART_5minute.csv,803,-7.203229774720378,-7.202528503601738,-7.2027507309111005,-7.203229774720378,9,1.1207970112079702,-7.567483887685059,-7.504914920099781,-0.8268133571727834,9,1.1207970112079702,-7.41539904169953,-7.3726576884940345,-0.5763864218924027,0,0.0,,,0.0
Cleaned_TITAN_5minute.csv,804,-7.561625061549786,-7.560730085901833,-7.561625061549786,-7.5611402207102145,28,3.482587064676617,-7.7847430174213335,-7.759044430958669,-0.33011476942981977,0,0.0,,,0.0,9,1.1194029850746268,-7.181407275994628,-7.138094827659448,-0.6031192309613312
Cleaned_UNIONBANK_5minute.csv,804,-6.615705575681926,-6.612771399738838,-6.616759319625618,-6.610940146670273,116,14.427860696517413,-6.8856727039958425,-6.865335829355818,-0.295350585400654,32,3.9800995024875623,-6.503830028735096,-6.530305345320333,0.4070727012893016,290,36.069651741293534,-6.7355124695969195,-6.722300728474956,-0.19615049606989335
Cleaned_LTM_5minute.csv,803,-7.094230654158568,-7.082493905040949,-7.093977618973157,-7.094230654158568,191,23.785803237858033,-7.003689253863292,-6.954345748410687,-0.7045359047788463,4,0.49813200498132004,-6.823801362056282,-6.773004548585133,-0.7444063913349622,0,0.0,,,0.0
Cleaned_ADANIPORTS_5minute.csv,803,-6.832386903632164,-6.831854011010545,-6.83204649177233,-6.832462768215054,93,11.581569115815691,-6.811858931290427,-6.807257718654299,-0.06754709224808758,2,0.24906600249066002,-5.712090658403401,-5.575415296680234,-2.3927379640254123,3,0.37359900373599003,-8.41463705871395,-8.434943478734509,0.24132258918439933
Cleaned_SUNPHARMA_5minute.csv,803,-7.644442404920899,-7.644097114597609,-7.644442404920899,-7.643056890625471,15,1.86799501867995,-7.5875899895045835,-7.569105447531178,-0.2436154562776074,0,0.0,,,0.0,16,1.9925280199252802,-7.5610726202665255,-7.491537121564688,-0.9196512478329586
Cleaned_HCLTECH_5minute.csv,803,-7.368709734425593,-7.366603865744704,-7.368709734425593,-7.368709734425593,78,9.71357409713574,-7.667437526215478,-7.6457578781288955,-0.28274958892665575,0,0.0,,,0.0,0,0.0,,,0.0
Cleaned_ABB_5minute.csv,803,-6.952808368044371,-6.952765226338611,-6.952808368044371,-6.952239467531514,34,4.2341220423412205,-6.9233887124728275,-6.922369806892664,-0.01471686225458239,0,0.0,,,0.0,61,7.596513075965131,-7.551905570418276,-7.544416601371961,-0.09916661399541171
Cleaned_ULTRACEMCO_5minute.csv,804,-7.650822779168374,-7.650820012101733,-7.650903093103739,-7.648667126947043,7,0.8706467661691543,-8.192844835755206,-8.192527018386675,-0.003879206489349868,1,0.12437810945273632,-8.205114018559081,-8.269686422591711,0.7869775348224759,138,17.16417910447761,-7.692492164444828,-7.679933147155333,-0.1632633094843211
Cleaned_HDFCBANK_5minute.csv,803,-7.9347016610449845,-7.932495329426541,-7.93440740130198,-7.9342245906347575,146,18.181818181818183,-7.850958709895522,-7.83882388599408,-0.1545648671689844,20,2.4906600249066,-8.215080958895348,-8.20326643021371,-0.14381512173468458,64,7.970112079701121,-7.742333551929951,-7.736347809126633,-0.07731186938886449
Cleaned_ONGC_5minute.csv,803,-7.261422545932543,-7.260437153040005,-7.261030678106144,-7.258598987815367,20,2.4906600249066,-8.222776004046102,-8.183212479410708,-0.4811455962794851,7,0.8717310087173101,-7.918141340377411,-7.873188502577721,-0.5677195678543894,106,13.20049813200498,-7.095184887322058,-7.073795102717413,-0.3014690236312999
Cleaned_UNITDSPR_5minute.csv,804,-7.366571614460963,-7.364895261164147,-7.366571614460963,-7.366570278515792,31,3.8557213930348255,-7.939574356726688,-7.896097322835041,-0.5475990517654357,0,0.0,,,0.0,1,0.12437810945273632,-7.142836790586152,-7.141762690668385,-0.015037441695196151
Cleaned_IOC_5minute.csv,803,-7.151158778999547,-7.150802724995645,-7.1500073033785245,-7.150647532900832,126,15.69115815691158,-7.350791523271287,-7.348522385452766,-0.030869299058984778,5,0.62266500622665,-6.117953755451743,-5.933026770715524,-3.0226934058046653,35,4.35865504358655,-7.694168666383288,-7.682439220175644,-0.15244591997171134
Cleaned_RELIANCE_5minute.csv,802,-7.898146522747764,-7.898166935453089,-7.897790664172753,-7.898712935908969,159,19.825436408977556,-7.967755740311949,-7.967858702511137,0.0012922358885451605,35,4.364089775561098,-8.322497541499418,-8.314343296437752,-0.09797834148950896,31,3.865336658354115,-7.968747278947102,-7.983400935569253,0.18388908706973855
Cleaned_HDFCAMC_5minute.csv,803,-6.927044614350846,-6.927731256785435,-6.9270384677533405,-6.9271107276334165,131,16.313823163138235,-7.023662530713192,-7.027871491590868,0.05992544287642522,7,0.8717310087173101,-7.510841196255774,-7.510136093713393,-0.00938779723811965,1,0.12453300124533001,-7.850860357941373,-7.903949323845708,0.6762184459265532
Cleaned_TATASTEEL_5minute.csv,803,-7.233563882726733,-7.229819819579438,-7.233472504227969,-7.233295053543385,103,12.826899128268993,-7.536646359384185,-7.507457206886342,-0.38729630005125404,3,0.37359900373599003,-7.24352834699119,-7.2190693688216365,-0.33766663147957715,4,0.49813200498132004,-7.710310707622316,-7.656343249065145,-0.6999388300113438
Cleaned_MARUTI_5minute.csv,803,-7.689705047747214,-7.687026816887832,-7.689705047747214,-7.683088835186236,66,8.21917808219178,-8.043886413076107,-8.01130127095363,-0.4050920220542433,0,0.0,,,0.0,104,12.95143212951432,-7.912381057272169,-7.861296262209999,-0.6456311278792475
Cleaned_TMPV_5minute.csv,802,-7.038496883760783,-7.03814953963912,-7.038496883760783,-7.038496883760783,9,1.1221945137157108,-7.4263567424515635,-7.395404521832095,-0.41678876591714503,0,0.0,,,0.0,0,0.0,,,0.0
Cleaned_BAJAJHLDNG_5minute.csv,803,-6.921002220842387,-6.918968838181799,-6.914599951141748,-6.918885122962052,47,5.85305105853051,-7.107311240124262,-7.072570681050831,-0.4888003057654744,62,7.721046077210461,-6.511137311968582,-6.428217593103877,-1.273505915967775,101,12.577833125778332,-6.97645766195479,-6.959625685737885,-0.24126823428880637
Cleaned_KOTAKBANK_5minute.csv,803,-7.559102000483128,-7.564884149400724,-7.559077167262438,-7.559415846552685,97,12.079701120797012,-7.683379247075066,-7.731245902547523,0.6229896238777963,52,6.47571606475716,-7.87239710078944,-7.872013618554553,-0.004871225752172466,86,10.709838107098381,-7.734767501041175,-7.7376979474813465,0.037886677780252426
Cleaned_SOLARINDS_5minute.csv,803,-6.696655503618322,-6.692219265562988,-6.696978251411022,-6.689347243441795,75,9.339975093399751,-6.469658669000104,-6.422161346887654,-0.7341549924424556,3,0.37359900373599003,-6.930741783357118,-7.0171306092031145,1.2464585833141701,158,19.676214196762142,-6.189226595434291,-6.152083982005481,-0.6001172013351362
Cleaned_INDHOTEL_5minute.csv,803,-7.15781047043665,-7.156893346953862,-7.157860289806864,-7.15765745661877,24,2.9887920298879203,-7.381720807047248,-7.351035383852235,-0.4156947139712774,26,3.23785803237858,-7.670985158915542,-7.67252381100325,0.0200580767115685,4,0.49813200498132004,-8.001205953635333,-7.970488429695488,-0.3839111768631445
Cleaned_ADANIPOWER_5minute.csv,803,-6.135978535989383,-6.137531561115683,-6.13628631104998,-6.135978535989383,147,18.306351183063512,-5.92350563960154,-5.931989171413914,0.14321809294241475,51,6.351183063511831,-6.638856026432716,-6.643701974935832,0.07299372789259728,0,0.0,,,0.0
Cleaned_HINDZINC_5minute.csv,803,-6.764196466921031,-6.756723576027499,-6.763015937033286,-6.763654463289862,166,20.672478206724783,-6.669675878615248,-6.63352689435316,-0.5419901194597915,13,1.61892901618929,-6.582636408724695,-6.509715985658537,-1.1077692665739292,27,3.3623910336239105,-6.413594251798928,-6.397474662323784,-0.2513347249964042
Cleaned_BRITANNIA_5minute.csv,803,-7.524353317574636,-7.524353317574636,-7.524271821581347,-7.523221266077664,0,0.0,,,0.0,22,2.73972602739726,-7.780457039947484,-7.777482436192349,-0.03823173548625989,33,4.10958904109589,-7.767239938440294,-7.739693352013978,-0.354650901023253
Cleaned_GODREJCP_5minute.csv,803,-7.199182446703733,-7.198225483647695,-7.198085562493163,-7.191781274763165,6,0.7471980074719801,-7.7531097011193495,-7.625036145452918,-1.6518991811497408,9,1.1207970112079702,-7.753450609397502,-7.655584162610032,-1.262230866201066,96,11.955168119551681,-6.808203300486295,-6.746295581025081,-0.9093106760897098
Cleaned_MUTHOOTFIN_5minute.csv,803,-6.870235663801419,-6.870206624107838,-6.870235663801419,-6.8767064336130295,9,1.1207970112079702,-7.302362052314733,-7.299771066320681,-0.03548147812296003,0,0.0,,,0.0,223,27.770859277708592,-6.667615959671809,-6.6909165343746,0.3494588597141984
Cleaned_ASIANPAINT_5minute.csv,803,-7.6059712114510605,-7.605981322310968,-7.6059712114510605,-7.605163251267907,2,0.24906600249066002,-7.290025376305213,-7.294084886558008,0.05568581785723298,0,0.0,,,0.0,71,8.84184308841843,-7.92033191526618,-7.911193999391925,-0.11537289058104326
Cleaned_CIPLA_5minute.csv,803,-7.460924726860277,-7.460924726860277,-7.460172506324621,-7.4612103573745,0,0.0,,,0.0,32,3.9850560398505603,-7.550765758671952,-7.531889724605353,-0.24998834118142416,20,2.4906600249066,-8.109300850801663,-8.120768915947725,0.14141866675137585
Cleaned_APOLLOHOSP_5minute.csv,803,-7.548042031518238,-7.548563502869799,-7.547833807160419,-7.5493541597945235,56,6.973848069738481,-7.714909833723626,-7.722387360425469,0.09692306019128935,9,1.1207970112079702,-7.9673915860300575,-7.948813346104696,-0.23317844648097896,5,0.62266500622665,-3.8295974407785622,-4.040325241949856,5.502609724129448
Cleaned_BAJAJFINSV_5minute.csv,803,-7.34149971370239,-7.342599058020226,-7.341633890801185,-7.34149971370239,62,7.721046077210461,-7.4975157892876405,-7.511754071339593,0.18990666311494397,5,0.62266500622665,-7.598047376934292,-7.619596219000632,0.2836102619175165,0,0.0,,,0.0
Cleaned_SBILIFE_5minute.csv,803,-7.4006470466889755,-7.397352943850771,-7.403482759070589,-7.4006470466889755,94,11.70610211706102,-7.24102143916174,-7.212881390448137,-0.38861987842505524,74,9.21544209215442,-7.631768566632923,-7.662539878017193,0.40320026892332894,0,0.0,,,0.0
Cleaned_JIOFIN_5minute.csv,372,-7.206516466799039,-7.197802632031656,-7.206516466799039,-7.20467269863954,41,11.021505376344086,-7.698933140123145,-7.6198710295507865,-1.0269229402749973,0,0.0,,,0.0,54,14.516129032258066,-8.031300382245213,-8.018598868257556,-0.1581501548085145
Cleaned_VEDL_5minute.csv,804,-6.755277020496275,-6.749875763915502,-6.755277020496275,-6.75591671182574,133,16.54228855721393,-6.8801369773970045,-6.847485772201959,-0.47457202236398605,0,0.0,,,0.0,158,19.65174129353234,-6.829385208203529,-6.832640346361062,0.04766370702918689
Cleaned_DIVISLAB_5minute.csv,803,-7.22017465904049,-7.219705144715711,-7.22017465904049,-7.22017465904049,6,0.7471980074719801,-8.095656369652728,-8.032819702519761,-0.7761775483519193,0,0.0,,,0.0,0,0.0,,,0.0
Cleaned_POWERGRID_5minute.csv,803,-7.297683808486372,-7.297251760949638,-7.297668463876083,-7.296833067114642,55,6.8493150684931505,-7.362132554265187,-7.355824660228881,-0.08568025622755737,1,0.12453300124533001,-7.598698724123702,-7.586377002062761,-0.16215568623378748,87,10.834371108343712,-7.874877432367716,-7.867025187293014,-0.09971260050890202
Cleaned_JSWSTEEL_5minute.csv,803,-7.267223978107115,-7.26884289239822,-7.267209353561357,-7.266438689175682,38,4.732254047322541,-7.0474061866235544,-7.08161640177504,0.4854298765469071,2,0.24906600249066002,-6.809100459057601,-6.803228703935753,-0.08623393291307593,51,6.351183063511831,-7.322400198121281,-7.310035746906746,-0.1688579001419132
Cleaned_IRFC_5minute.csv,803,-6.494650673739008,-6.493703367355122,-6.494320591031276,-6.494182683692907,121,15.068493150684931,-6.0321455169846825,-6.025858847346171,-0.10421946255788682,4,0.49813200498132004,-6.395023793225019,-6.328759689647901,-1.0361822835955516,42,5.230386052303861,-6.595751926454258,-6.586804402477614,-0.13565585965654017
Cleaned_BOSCHLTD_5minute.csv,803,-7.386894099136102,-7.38610964687646,-7.386571484630573,-7.386376161226855,26,3.23785803237858,-7.358457764118511,-7.334230257791907,-0.32924706648101143,6,0.7471980074719801,-7.2963584527251095,-7.2531818780685535,-0.5917551191639993,54,6.724782067247821,-7.245293691412168,-7.23759176287283,-0.10630250294017621
Cleaned_ZYDUSLIFE_5minute.csv,804,-7.2644348201709255,-7.265052191095166,-7.264609443353574,-7.2669676777793235,86,10.696517412935323,-7.221145707093604,-7.226917407362082,0.07992776357923792,24,2.9850746268656714,-6.7244985265128365,-6.730348403131534,0.08699349989642702,105,13.059701492537313,-7.016828180896061,-7.0362226334403655,0.2763991371073829
Cleaned_PNB_5minute.csv,803,-6.921029603954651,-6.920426809070231,-6.921029603954651,-6.92124712753772,93,11.581569115815691,-7.025877906880017,-7.020673129544656,-0.07408009937468153,0,0.0,,,0.0,33,4.10958904109589,-6.709677413889527,-6.714970487744228,0.07888715847566621
Cleaned_GAIL_5minute.csv,803,-6.971557053560587,-6.970964103175799,-6.971429580649937,-6.970107095770186,11,1.36986301369863,-7.4631219055956795,-7.419836527506144,-0.5799902324666746,4,0.49813200498132004,-7.691018999807293,-7.665428812994371,-0.3327281705267272,35,4.35865504358655,-6.47943969448234,-6.446173520033994,-0.5134112827174696
Cleaned_JINDALSTEL_5minute.csv,803,-6.919526053861788,-6.919526053861788,-6.919526053861788,-6.919279674099958,0,0.0,,,0.0,0,0.0,,,0.0,19,2.3661270236612704,-7.388396878175172,-7.377984091398894,-0.14093431833685358
Cleaned_CUMMINSIND_5minute.csv,803,-6.97288960766323,-6.972231612567686,-6.97288960766323,-6.972373292119919,11,1.36986301369863,-7.650001642984307,-7.60196800100957,-0.6278906099162536,0,0.0,,,0.0,128,15.940224159402241,-6.709747757098013,-6.706508683806778,-0.048274143954347135
Cleaned_EICHERMOT_5minute.csv,803,-7.239601197179338,-7.238468743401729,-7.238930248457538,-7.239967166944625,40,4.9813200498132,-7.904309948242219,-7.881575938656726,-0.2876153609152023,11,1.36986301369863,-7.566272183293867,-7.5172929266024715,-0.6473367003574136,13,1.61892901618929,-7.728867260784701,-7.751472931671369,0.2924836217768515
Cleaned_TATAPOWER_5minute.csv,803,-7.252068354905108,-7.252068354905108,-7.252068354905108,-7.250926327932599,0,0.0,,,0.0,0,0.0,,,0.0,123,15.317559153175592,-7.014051786825664,-7.006596114801885,-0.10629622150470687
Cleaned_CANBK_5minute.csv,803,-6.931630324310995,-6.931630324310995,-6.931830947874807,-6.931630324310995,0,0.0,,,0.0,2,0.24906600249066002,-7.655809705367151,-7.736360066237909,1.052146852791907,0,0.0,,,0.0
Cleaned_ADANIGREEN_5minute.csv,803,-6.071720097280582,-6.064695117051222,-6.07262155680448,-6.072578583858199,117,14.570361145703611,-6.1644461548877,-6.116231974339192,-0.7821332093278021,36,4.483188044831881,-6.332346734650762,-6.3524542901421475,0.31753718382723106,63,7.84557907845579,-5.742617901969855,-5.753560199141709,0.19054545084916558
